{
    "start": "2024-07-25T16:22:09.753541",
    "num_accelerators": 392,
    "num_hosts": 56,
    "hostname": "host1",
    "metric": {
        "train_au_percentage": [
            90.09181495277303,
            91.73625377303523,
            91.65229136824702,
            91.53048247751293,
            91.54922604673537
        ],
        "train_au_mean_percentage": 91.31201372366073,
        "train_au_meet_expectation": "success",
        "train_au_stdev_percentage": 0.6145977250206051,
        "train_throughput_samples_per_second": [
            7444.507084885693,
            7706.537127262213,
            7698.817032594806,
            7688.678921055585,
            7689.996358711958
        ],
        "train_throughput_mean_samples_per_second": 7645.70730490205,
        "train_throughput_stdev_samples_per_second": 100.80726073137973,
        "train_io_mean_MB_per_second": 1068940.632250622,
        "train_io_stdev_MB_per_second": 14093.78788965226
    },
    "num_files_train": 1396500,
    "num_files_eval": 0,
    "num_samples_per_file": 1,
    "host_cpu_count": [
        728,
        728,
        728,
        728,
        728,
        704,
        688,
        680,
        0,
        0,
        0,
        0,
        0,
        0,
        0,
        0,
        0,
        0,
        0,
        0,
        0,
        0,
        0,
        0,
        0,
        0,
        0,
        0,
        0,
        0,
        0,
        0,
        0,
        0,
        0,
        0,
        0,
        0,
        0,
        0,
        0,
        0,
        0,
        0,
        0,
        0,
        0,
        0,
        0,
        0,
        0,
        0,
        0,
        0,
        0,
        0
    ],
    "host_processor_name": "x86_64",
    "potential_caching": [
        0,
        0,
        0,
        0,
        0,
        0,
        0,
        0,
        0,
        0,
        0,
        0,
        0,
        0,
        0,
        0,
        0,
        0,
        0,
        0,
        0,
        0,
        0,
        0,
        0,
        0,
        0,
        0,
        0,
        0,
        0,
        0,
        0,
        0,
        0,
        0,
        0,
        0,
        0,
        0,
        0,
        0,
        0,
        0,
        0,
        0,
        0,
        0,
        0,
        0,
        0,
        0,
        0,
        0,
        0,
        0
    ],
    "host_cpuinfo": {
        "vendor_id": "GenuineIntel",
        "cpu family": "6",
        "model": "85",
        "model name": "Montage Jintide(R) C6230R",
        "stepping": "7",
        "microcode": "0x5003102",
        "cpu MHz": "4000.000",
        "cache size": "36608 KB",
        "physical id": "1",
        "siblings": "52",
        "core id": "29",
        "cpu cores": "26",
        "apicid": "123",
        "initial apicid": "123",
        "fpu": "yes",
        "fpu_exception": "yes",
        "cpuid level": "22",
        "wp": "yes",
        "flags": "fpu vme de pse tsc msr pae mce cx8 apic sep mtrr pge mca cmov pat pse36 clflush dts acpi mmx fxsr sse sse2 ss ht tm pbe syscall nx pdpe1gb rdtscp lm constant_tsc art arch_perfmon pebs bts rep_good nopl xtopology nonstop_tsc cpuid aperfmperf pni pclmulqdq dtes64 ds_cpl vmx smx est tm2 ssse3 sdbg fma cx16 xtpr pdcm pcid dca sse4_1 sse4_2 x2apic movbe popcnt tsc_deadline_timer aes xsave avx f16c rdrand lahf_lm abm 3dnowprefetch cpuid_fault epb cat_l3 cdp_l3 invpcid_single ssbd mba ibrs ibpb stibp ibrs_enhanced tpr_shadow vnmi flexpriority ept vpid ept_ad fsgsbase tsc_adjust bmi1 avx2 smep bmi2 erms invpcid cqm mpx rdt_a avx512f avx512dq rdseed adx smap clflushopt clwb intel_pt avx512cd avx512bw avx512vl xsaveopt xsavec xgetbv1 xsaves cqm_llc cqm_occup_llc cqm_mbm_total cqm_mbm_local dtherm ida arat pln pts pku ospke avx512_vnni md_clear flush_l1d arch_capabilities",
        "bugs": "spectre_v1 spectre_v2 spec_store_bypass swapgs taa itlb_multihit",
        "bogomips": "4206.25",
        "clflush size": "64",
        "cache_alignment": "64",
        "address sizes": "46 bits physical, 48 bits virtual",
        "power management": ""
    },
    "host_meminfo": {
        "MemTotal": "196251128 kB",
        "MemFree": "158743560 kB",
        "MemAvailable": "159475732 kB",
        "Buffers": "40 kB",
        "Cached": "1198208 kB",
        "SwapCached": "0 kB",
        "Active": "156656 kB",
        "Inactive": "10641864 kB",
        "Active(anon)": "3040 kB",
        "Inactive(anon)": "9752760 kB",
        "Active(file)": "153616 kB",
        "Inactive(file)": "889104 kB",
        "Unevictable": "131144 kB",
        "Mlocked": "131144 kB",
        "SwapTotal": "4194300 kB",
        "SwapFree": "4194300 kB",
        "Dirty": "16 kB",
        "Writeback": "0 kB",
        "AnonPages": "9730172 kB",
        "Mapped": "13157428 kB",
        "Shmem": "155528 kB",
        "KReclaimable": "439840 kB",
        "Slab": "1407532 kB",
        "SReclaimable": "439840 kB",
        "SUnreclaim": "967692 kB",
        "KernelStack": "35936 kB",
        "PageTables": "93324 kB",
        "NFS_Unstable": "0 kB",
        "Bounce": "0 kB",
        "WritebackTmp": "0 kB",
        "CommitLimit": "102319864 kB",
        "Committed_AS": "32478076 kB",
        "VmallocTotal": "34359738367 kB",
        "VmallocUsed": "0 kB",
        "VmallocChunk": "0 kB",
        "Percpu": "136640 kB",
        "HardwareCorrupted": "0 kB",
        "AnonHugePages": "7022592 kB",
        "ShmemHugePages": "0 kB",
        "ShmemPmdMapped": "0 kB",
        "FileHugePages": "0 kB",
        "FilePmdMapped": "0 kB",
        "HugePages_Total": "0",
        "HugePages_Free": "0",
        "HugePages_Rsvd": "0",
        "HugePages_Surp": "0",
        "Hugepagesize": "2048 kB",
        "Hugetlb": "0 kB",
        "DirectMap4k": "1451008 kB",
        "DirectMap2M": "55711744 kB",
        "DirectMap1G": "144703488 kB"
    },
    "host_memory_GB": [
        1310.1215438842773,
        1310.1245918273926,
        1310.0104331970215,
        1310.0052642822266,
        1308.6199493408203,
        1783.9520263671875,
        1649.17769241333,
        1616.625602722168,
        0.0,
        0.0,
        0.0,
        0.0,
        0.0,
        0.0,
        0.0,
        0.0,
        0.0,
        0.0,
        0.0,
        0.0,
        0.0,
        0.0,
        0.0,
        0.0,
        0.0,
        0.0,
        0.0,
        0.0,
        0.0,
        0.0,
        0.0,
        0.0,
        0.0,
        0.0,
        0.0,
        0.0,
        0.0,
        0.0,
        0.0,
        0.0,
        0.0,
        0.0,
        0.0,
        0.0,
        0.0,
        0.0,
        0.0,
        0.0,
        0.0,
        0.0,
        0.0,
        0.0,
        0.0,
        0.0,
        0.0,
        0.0
    ],
    "data_size_per_host_GB": 3404.7103118486702,
    "epochs": 5,
    "end": "2024-07-25T16:43:47.746047"
}